Type,FirstName;LastName;EMAIL;Company|CourseName
Instructor;Sandy;Schillebeeckx;Sandy.Schillebeeckx@abis.com;Java Advanced
Student;Raghunath;Singh;Raghunath.Singh@tcs.com;TCS
Student;Bruno;Deboubers;Bruno.Deboubers@ing.com;ING
Student;Hans;Decat;Hans.Decat@contraste.com;Contraste
Student;Tushar;Pandey;Tushar.Pandey@cognizant.com;Cognizant